{
  "lang":"en",
  "name":"pipeline",
  "version":"0.0.0",
  "spacy_version":">=3.5.3,<3.6.0",
  "description":"",
  "author":"",
  "email":"",
  "url":"",
  "license":"",
  "spacy_git_version":"512241e12",
  "vectors":{
    "width":0,
    "vectors":0,
    "keys":0,
    "name":null,
    "mode":"default"
  },
  "labels":{
    "tok2vec":[

    ],
    "ner":[
      "B-DES",
      "B-EMAIL",
      "B-NAME",
      "B-ORG",
      "B-PHOE",
      "B-PHONE",
      "B-WEB",
      "DES",
      "EMAIL",
      "I-DE",
      "I-DES",
      "I-EMAIL",
      "I-NAME",
      "I-OR",
      "I-ORG",
      "I-PHONE",
      "I-WEB",
      "NAME",
      "ORG",
      "PHONE",
      "WEB"
    ]
  },
  "pipeline":[
    "tok2vec",
    "ner"
  ],
  "components":[
    "tok2vec",
    "ner"
  ],
  "disabled":[

  ],
  "performance":{
    "ents_f":0.5890909091,
    "ents_p":0.6206896552,
    "ents_r":0.5605536332,
    "ents_per_type":{
      "B-ORG":{
        "p":0.4666666667,
        "r":0.28,
        "f":0.35
      },
      "I-NAME":{
        "p":0.6774193548,
        "r":0.6774193548,
        "f":0.6774193548
      },
      "B-PHONE":{
        "p":0.6842105263,
        "r":0.5652173913,
        "f":0.619047619
      },
      "I-PHONE":{
        "p":0.5555555556,
        "r":0.625,
        "f":0.5882352941
      },
      "I-ORG":{
        "p":0.5882352941,
        "r":0.5714285714,
        "f":0.5797101449
      },
      "B-EMAIL":{
        "p":0.8095238095,
        "r":0.85,
        "f":0.8292682927
      },
      "I-EMAIL":{
        "p":0.25,
        "r":0.1111111111,
        "f":0.1538461538
      },
      "B-WEB":{
        "p":0.8333333333,
        "r":0.8333333333,
        "f":0.8333333333
      },
      "B-NAME":{
        "p":0.5555555556,
        "r":0.4347826087,
        "f":0.487804878
      },
      "I-WEB":{
        "p":0.0,
        "r":0.0,
        "f":0.0
      },
      "B-DES":{
        "p":0.4666666667,
        "r":0.4666666667,
        "f":0.4666666667
      },
      "I-DES":{
        "p":0.65,
        "r":0.619047619,
        "f":0.6341463415
      },
      "ORG":{
        "p":0.0,
        "r":0.0,
        "f":0.0
      }
    },
    "tok2vec_loss":443.3245215711,
    "ner_loss":388.3592425513
  }
}