{
  "lang":"en",
  "name":"pipeline",
  "version":"0.0.0",
  "spacy_version":">=3.5.3,<3.6.0",
  "description":"",
  "author":"",
  "email":"",
  "url":"",
  "license":"",
  "spacy_git_version":"512241e12",
  "vectors":{
    "width":0,
    "vectors":0,
    "keys":0,
    "name":null,
    "mode":"default"
  },
  "labels":{
    "tok2vec":[

    ],
    "ner":[
      "B-DES",
      "B-EMAIL",
      "B-NAME",
      "B-ORG",
      "B-PHOE",
      "B-PHONE",
      "B-WEB",
      "DES",
      "EMAIL",
      "I-DE",
      "I-DES",
      "I-EMAIL",
      "I-NAME",
      "I-OR",
      "I-ORG",
      "I-PHONE",
      "I-WEB",
      "NAME",
      "ORG",
      "PHONE",
      "WEB"
    ]
  },
  "pipeline":[
    "tok2vec",
    "ner"
  ],
  "components":[
    "tok2vec",
    "ner"
  ],
  "disabled":[

  ],
  "performance":{
    "ents_f":0.6325411335,
    "ents_p":0.6705426357,
    "ents_r":0.598615917,
    "ents_per_type":{
      "B-ORG":{
        "p":0.5625,
        "r":0.36,
        "f":0.4390243902
      },
      "I-NAME":{
        "p":0.8571428571,
        "r":0.5806451613,
        "f":0.6923076923
      },
      "B-PHONE":{
        "p":0.6666666667,
        "r":0.7391304348,
        "f":0.7010309278
      },
      "I-PHONE":{
        "p":0.619047619,
        "r":0.65,
        "f":0.6341463415
      },
      "I-ORG":{
        "p":0.625,
        "r":0.5714285714,
        "f":0.5970149254
      },
      "B-EMAIL":{
        "p":0.8095238095,
        "r":0.85,
        "f":0.8292682927
      },
      "I-EMAIL":{
        "p":0.3333333333,
        "r":0.2222222222,
        "f":0.2666666667
      },
      "B-WEB":{
        "p":0.8333333333,
        "r":0.8333333333,
        "f":0.8333333333
      },
      "B-NAME":{
        "p":0.6,
        "r":0.3913043478,
        "f":0.4736842105
      },
      "I-WEB":{
        "p":0.0,
        "r":0.0,
        "f":0.0
      },
      "B-DES":{
        "p":0.4117647059,
        "r":0.4666666667,
        "f":0.4375
      },
      "I-DES":{
        "p":0.8888888889,
        "r":0.7619047619,
        "f":0.8205128205
      },
      "EMAIL":{
        "p":0.0,
        "r":0.0,
        "f":0.0
      },
      "ORG":{
        "p":0.0,
        "r":0.0,
        "f":0.0
      }
    },
    "tok2vec_loss":484.4186480054,
    "ner_loss":398.3227492131
  }
}