{
  "lang":"en",
  "name":"pipeline",
  "version":"0.0.0",
  "spacy_version":">=3.5.3,<3.6.0",
  "description":"",
  "author":"",
  "email":"",
  "url":"",
  "license":"",
  "spacy_git_version":"512241e12",
  "vectors":{
    "width":0,
    "vectors":0,
    "keys":0,
    "name":null,
    "mode":"default"
  },
  "labels":{
    "tok2vec":[

    ],
    "ner":[
      "B-DES",
      "B-EMAIL",
      "B-NAME",
      "B-ORG",
      "B-PHOE",
      "B-PHONE",
      "B-WEB",
      "DES",
      "EMAIL",
      "I-DE",
      "I-DES",
      "I-EMAIL",
      "I-NAME",
      "I-OR",
      "I-ORG",
      "I-PHONE",
      "I-WEB",
      "NAME",
      "ORG",
      "PHONE",
      "WEB"
    ]
  },
  "pipeline":[
    "tok2vec",
    "ner"
  ],
  "components":[
    "tok2vec",
    "ner"
  ],
  "disabled":[

  ],
  "performance":{
    "ents_f":0.5680473373,
    "ents_p":0.6127659574,
    "ents_r":0.5294117647,
    "ents_per_type":{
      "B-NAME":{
        "p":0.65,
        "r":0.619047619,
        "f":0.6341463415
      },
      "B-PHONE":{
        "p":0.7,
        "r":0.5833333333,
        "f":0.6363636364
      },
      "B-ORG":{
        "p":0.2666666667,
        "r":0.2,
        "f":0.2285714286
      },
      "I-PHONE":{
        "p":0.68,
        "r":0.4857142857,
        "f":0.5666666667
      },
      "I-ORG":{
        "p":0.4285714286,
        "r":0.5,
        "f":0.4615384615
      },
      "I-NAME":{
        "p":0.7272727273,
        "r":0.75,
        "f":0.7384615385
      },
      "B-DES":{
        "p":0.4545454545,
        "r":0.2941176471,
        "f":0.3571428571
      },
      "I-DES":{
        "p":0.3571428571,
        "r":0.3125,
        "f":0.3333333333
      },
      "B-EMAIL":{
        "p":0.8888888889,
        "r":0.64,
        "f":0.7441860465
      },
      "B-WEB":{
        "p":0.8666666667,
        "r":1.0,
        "f":0.9285714286
      },
      "I-EMAIL":{
        "p":1.0,
        "r":0.3846153846,
        "f":0.5555555556
      },
      "I-WEB":{
        "p":0.0,
        "r":0.0,
        "f":0.0
      },
      "I-DE":{
        "p":0.0,
        "r":0.0,
        "f":0.0
      }
    },
    "tok2vec_loss":656.3269284549,
    "ner_loss":353.0587224202
  }
}