{
  "lang":"en",
  "name":"pipeline",
  "version":"0.0.0",
  "spacy_version":">=3.5.3,<3.6.0",
  "description":"",
  "author":"",
  "email":"",
  "url":"",
  "license":"",
  "spacy_git_version":"512241e12",
  "vectors":{
    "width":0,
    "vectors":0,
    "keys":0,
    "name":null,
    "mode":"default"
  },
  "labels":{
    "tok2vec":[

    ],
    "ner":[
      "B-DES",
      "B-EMAIL",
      "B-NAME",
      "B-ORG",
      "B-PHOE",
      "B-PHONE",
      "B-WEB",
      "DES",
      "EMAIL",
      "I-DE",
      "I-DES",
      "I-EMAIL",
      "I-NAME",
      "I-OR",
      "I-ORG",
      "I-PHONE",
      "I-WEB",
      "NAME",
      "ORG",
      "PHONE",
      "WEB"
    ]
  },
  "pipeline":[
    "tok2vec",
    "ner"
  ],
  "components":[
    "tok2vec",
    "ner"
  ],
  "disabled":[

  ],
  "performance":{
    "ents_f":0.606185567,
    "ents_p":0.6901408451,
    "ents_r":0.5404411765,
    "ents_per_type":{
      "B-ORG":{
        "p":0.6153846154,
        "r":0.4,
        "f":0.4848484848
      },
      "B-PHONE":{
        "p":0.6857142857,
        "r":0.6666666667,
        "f":0.676056338
      },
      "I-PHONE":{
        "p":0.6785714286,
        "r":0.5428571429,
        "f":0.6031746032
      },
      "I-ORG":{
        "p":0.525,
        "r":0.5,
        "f":0.512195122
      },
      "B-NAME":{
        "p":0.6875,
        "r":0.5238095238,
        "f":0.5945945946
      },
      "I-NAME":{
        "p":0.8260869565,
        "r":0.59375,
        "f":0.6909090909
      },
      "B-DES":{
        "p":0.6666666667,
        "r":0.3529411765,
        "f":0.4615384615
      },
      "I-DES":{
        "p":0.5833333333,
        "r":0.4375,
        "f":0.5
      },
      "B-EMAIL":{
        "p":0.8947368421,
        "r":0.68,
        "f":0.7727272727
      },
      "B-WEB":{
        "p":0.8333333333,
        "r":0.7692307692,
        "f":0.8
      },
      "I-EMAIL":{
        "p":0.8,
        "r":0.3076923077,
        "f":0.4444444444
      },
      "I-WEB":{
        "p":1.0,
        "r":1.0,
        "f":1.0
      },
      "I-DE":{
        "p":0.0,
        "r":0.0,
        "f":0.0
      }
    },
    "tok2vec_loss":656.6633004972,
    "ner_loss":1072.793100325
  }
}